排名,歌曲,歌手,播放次数,专辑
1,Go Time,Mark Petrie,524,Go Time
2,Worlds Collide,英雄联盟/Nicki Taylor,451,Worlds Collide
3,Legends Never Die,英雄联盟/Against the Current,445,Legends Never Die
4,Intro,Dreamtale,438,Beyond Reality
5,Serenata Immortale,Immediate Music,414,Trailerhead
6,Victory,Two Steps From Hell/Thomas Bergersen,403,Battlecry
7,Soaring (Original Mix),TomLeevis,399,Soaring
8,Star Sky - Instrumental,Two Steps From Hell/Thomas Bergersen,393,Battlecry
9,Tales of the Electric Romeo,Immediate,389,Trailerhead: Triumph
10,Ignite,Zedd,386,Ignite (2016 League Of Legends World Championship)
11,FAIRY TAIL メインテーマ,高梨康治,381,「FAIRY TAIL」ORIGINAL SOUNDTRACK VOL.1
12,Breath and Life,Audiomachine,378,The Platinum Series III: Eterna
13,ツナ覚醒,佐橋俊彦,373,最新热歌慢摇80
14,Fly Away,TheFatRat/Anjulie,354,Fly Away
15,Energy Drink,Virtual Riot,353,Energy Drink
16,Elegy,TheFatRat,351,Jackpot
17,Monody (Radio Edit),TheFatRat/Laura Brehm,350,Monody (Radio Edit)
18,Silver Scrapes,英雄联盟/Danny McCarthy,338,最新热歌慢摇16
19,"Jhin, the Virtuoso",Edouard Brenneisen/英雄联盟,335,"Jhin, the Virtuoso"
20,Unity,TheFatRat,335,Unity
21,#Lov3 #Ngẫu Hứng,Hoaprox,334,#Lov3 #Ngẫu Hứng
22,2016 MSI China Anthem,英雄联盟,328,英雄联盟MSI精选歌曲
23,The New York Nightfall,Position Music,327,Volume 55 Epic Hip-Hop
24,The 7 Seas,F-777,327,Pirate Dance Machine
25,Jackpot,TheFatRat,319,Jackpot
26,Song Of Adventures,F-777,306,Viking Dance Machine
27,Undertale,Toby Fox,303,UNDERTALE Soundtrack
28,Listen,ONE OK ROCK/Avril Lavigne,296,Ambitions [日本盤]
29,Hopes And Dreams,Toby Fox,291,UNDERTALE Soundtrack
30,MSI 2016 Opening Ceremony,英雄联盟,284,2016 Mid-Season Invitational
31,Piercing Light,英雄联盟/Mako,272,Warsongs
32,我是麦克接客骚,布姆人,269,我是麦克接客骚
33,Night Caller,Abandoned/InfiNoise/Project Nightfall,262,Night Caller
34,Flash Funk,英雄联盟/Marshmello,262,Warsongs
35,Warriors,Imagine Dragons,254,Warriors (Official Anthem of League of Legends 2014 World Championship)
36,きっと青春が聞こえる,μ's,250,きっと青春が聞こえる
37,アイロニ,majiko,246,Contrast
38,それは僕たちの奇跡,μ's,243,それは僕たちの奇跡
39,恋愛サーキュレーション,花澤香菜,238,恋愛サーキュレーション & あとがたり
40,Revolution,The Score,236,Revolution
41,Star Guardian 2017,Edouard Brenneisen/Julie Elven/英雄联盟,230,Star Guardian 2017
42,Oblivion,TheFatRat/Lola Blanc,229,Oblivion
43,世末歌者（Cover 乐正绫）,双笙（陈元汐）/封茗囧菌,204,世末歌者（翻唱）
44,僕らは今のなかで,μ's,199,僕らは今のなかで
45,START:DASH!!,μ's,195,No brand girls / START:DASH!!
46,Shine,Spektrem,194,Shine
47,A Wandering Melody of Love（翻自 はるの）,繭墨瞳/utoc,190,音游相关翻唱合集
48,Snow halation,μ's,189,ラブライブ! μ's Best Album Best Live! collection
49,2017 League of Legends All-Star Event Theme,英雄联盟,179,2017 League of Legends All-Star Event Theme
50,Dream,Dio Deer/Evanti3s,178,Dream
51,Epic,TheFatRat,177,Jackpot
52,Wake,Evanti3s,176,Wake
53,Hybrid Worlds,英雄联盟,171,《英雄联盟》赛事主题曲合辑
54,Sway,Syn Cole/Nevve,142,Sway
55,Live Like Legends,Ruelle,137,Madness
56,MAYDAY,TheFatRat/Laura Brehm,131,MAYDAY
57,Init,Virtual Riot,127,Throw Back
58,Lanterns,Xomu,124,Lanterns
59,六兆年と一夜物語 (Cover),Roselia,123,バンドリ！ ガールズバンドパーティ！ カバーコレクションVol.4
60,Pagoda,Xomu/Amidst,123,Pagoda
61,Wildfire,Fatal Force/Crusher P/GUMI,122,Wildfire
62,Vagrant,Feint/Veela,116,Vagrant
63,Seve,Tez Cadey,114,Seve
64,Glorious Morning,Waterflame,113,Community Favorites
65,ALONE to ALONE (feat. lasah),sasakure.UK/lasah,108,ゼツメツコモンセンス
66,The Boy Who Shattered Time,英雄联盟/MitiS,107,Warsongs
67,画中人 （牵丝戏填翻）明日方舟,鹿栀一,104,画中人（明日方舟）牵丝戏填翻
68,Legendary,Epic Soul Factory/Cesc Vilà/Fran Soto,104,Sigma
69,Soldier,Fleurie,101,Soldier
70,Operation Blade,塞壬唱片-MSR/陈雪燃,94,危机合约 黄铁·利刃·燃灰OST
71,Cyaegha,USAO,93,Cyaegha
72,Impossible,Two Steps From Hell,93,Unleashed
73,Bad Apple!!,のみこ,92,Lovelight
74,#1f1e33,かめりあ,87,#1f1e33
75,This Is It,Oh The Larceny,87,Blood Is Rebel
76,Counting Stars,OneRepublic,87,Native (Deluxe Version)
77,天火明命,削除,86,∀rkadia
78,Tell me,milet,84,Prover / Tell me
79,Dream It Possible,Delacey,82,Dream It Possible
80,逍遥游,奇然/沈谧仁,80,高考必背曲目
81,MEGALOVANIA,Toby Fox,80,UNDERTALE Soundtrack
82,Drown,milet,78,Drown / You & I
83,White Knuckles,Holly Henry,78,King Paten
84,China-X,徐梦圆,76,Change
85,Renegade,塞壬唱片-MSR/Substantial/X. ARI/Jason Walsh,73,Renegade
86,生而为一,太一,72,生而为一
87,Spring （春）,LJY,72,Spring （春）
88,权御天下,洛天依Official/乌龟Sui,72,洛天依作品集
89,So Far Away,Martin Garrix/David Guetta/Jamie Scott/Romy Dya,71,So Far Away
90,Hope of Morning,Nightcore,70,Hope Of Morning
91,Autumn （秋）,LJY,70,Autumn （秋）
92,2018 Rift Rivals Theme,英雄联盟/The Bloody Beatroots,70,2018 Rift Rivals Theme
93,カタオモイ「单相思」（翻自 Aimer）,扫帚帚,69,心悦君兮
94,Grace,Jannik,68,Grace
95,最強STRONGER,REDALiCE/USAO,67,最強STRONGER
96,Cosmic Fate,Wisp X,66,Cosmic Fate
97,PDD,徐梦圆,66,PDD
98,China-G,徐梦圆,65,China-G
99,醉飞尘,塞壬唱片-MSR/Adam Gubman,64,醉飞尘
100,inside you,milet,64,inside you EP
