歌手,歌曲,专辑,发行年份,时长(秒)
塞壬唱片-MSR/Nadia Vaeh/David Lin/Erik Castro,雾色秘访,音律联觉-熠曲丰碑原声EP,2025,194
HITA,赤伶,赤伶,2018,266
King Gnu,飛行艇,飛行艇,2019,260
Afterglow,燦々,燦々,2023,195
塞壬唱片-MSR/Shihori/Cody Matthew Johnson,魔王,音律联觉-不觅浪尘原声EP,2024,290
Two Steps From Hell/Thomas Bergersen/Merethe Soltvedt,El Dorado (Dubstep Remix),Burn,2012,185
塞壬唱片-MSR/Robert Wolf,霓虹塔下,红松林OST,,263
塞壬唱片-MSR/Adam Gubman,醉飞尘,醉飞尘,2022,249
小林未郁/澤野弘之,βίος <MK+nZk Version>,THEME SONGS COLLECTION,2012,295
Two Steps From Hell,Impossible,Unleashed,2017,534
塞壬唱片-MSR/刘雯/宗立Zongli,镜花水月,音律联觉-熠曲丰碑原声EP,2025,279
MyGO!!!!!,春日影 (MyGO!!!!! ver.),迷跡波,2023,256
鎖那,彼女は旅に出る,Hush a by little girl,2017,220
MyGO!!!!!,無路矢,迷跡波,2023,222
milet,inside you,inside you EP,2019,221
MyGO!!!!!,影色舞,迷跡波,2023,209
Aimer/EGOIST,ninelie,ninelie EP,2016,260
Platix_Zhang,惊涛落日（Official Vers.）,惊涛落日,,167
鸣潮先约电台/jkinss,拉海洛最后的夜晚,壳中的摇篮曲,,168
英雄联盟/Against the Current,Legends Never Die,Legends Never Die,2017,235
塞壬唱片-MSR/Erik Castro,Protocol,卫戍协议OST,2024,162
塞壬唱片-MSR/Erik Castro,不存在的乐园,空想花庭OST,,151
塞壬唱片-MSR/Adam Gubman,定风波,定风波,,227
Zedd,Ignite,Ignite (2016 League Of Legends World Championship),2016,195
英雄联盟/Danny McCarthy,Silver Scrapes,最新热歌慢摇16,2013,199
塞壬唱片-MSR/Adam Gubman/Moonlist,Blade Catcher,Blade Catcher,,204
塞壬唱片-MSR/Obadiah Brown-Beach/Forts,Eternal Flame,Eternal Flame,,234
Michael Jackson,Billie Jean (Extended),Billie Jean / Instrumental,1983,382
WizTheMC,Wait For You,Wait For You,2026,169
塞壬唱片-MSR/Kirara Magic,Effervescence,火山旅梦OST,,179
Akira Complex,Ether Strike ('Divine Mercy' Extended),Arcaea Sound Collection: Memories of Light,2019,276
Crywolf,D D D N N N A A A [the most fun a boy can have without ripping his skin off],exuvium [OBLIVIØN Pt. II],2022,339
CircusP/GUMI,Crystalline,EXIT TUNES PRESENTS Entrance Dream Music,2015,243
塞壬唱片-MSR/Matthew Carl Earl/David Lin/Laura Intravia,Flame Shadow,Flame Shadow,,223
Crywolf,DATURA [paroxysm],exuvium [OBLIVIØN Pt. II],2022,215
Wisp X,Song of the Forest,Song of the Forest,2018,225
Crywolf,DREAMING OF ME // IN COLORS OF WHITE,exuvium [OBLIVIØN Pt. II],2022,268
塞壬唱片-MSR/Ruǐ蕊,Blues with you,孤星OST,,110
トゲナシトゲアリ,雑踏、僕らの街,雑踏、僕らの街,2024,184
Michael Jackson,Beat It,"HIStory: Past, Present and Future, Book I",1982,258
塞壬唱片-MSR/Steven Grove,Control's Wishes,孤星OST,2023,192
鸣潮先约电台/jixwang/小林未郁,那颗星梦见的春日,星轨消逝之夜,,241
塞壬唱片-MSR/Moonlist,空王冠,音律联觉-不觅浪尘原声EP,2024,206
LJY,Autumn （秋）,Autumn （秋）,2017,199
塞壬唱片-MSR/RANASOL/KOTONOHOUSE/Machico,Mystic Light Quest,Mystic Light Quest,2024,207
Jannik,Pilgrimage,Pilgrimage Epic Orchestral,2017,245
WizTheMC/bees & honey,Show Me Love,Show Me Love,2025,176
塞壬唱片-MSR,灯华梦踏,音律联觉原声EP,,254
Dreamtale,Intro,Beyond Reality,2002,246
塞壬唱片-MSR/DJ Okawari/澤田かおり,Everything's Alright,Everything's Alright,,249
塞壬唱片-MSR/宋柏/十音/解伟苓,浸春芜,浸春芜,,223
milet,Goddess,Goddess / Waterproof / Swamp,2025,214
塞壬唱片-MSR/THE EITHER,Daydaydream,Daydaydream,,248
milet,checkmate,checkmate,2021,202
Dave Rodgers,Deja Vu,SUPER EUROBEAT presents INITIAL D SUPER EURO-BEST,2000,263
塞壬唱片-MSR/X. ARI,Operation Lead Seal,危机合约铅封·光谱·蛮鳞OST,2021,220
扫帚帚,カタオモイ「单相思」（翻自 Aimer）,心悦君兮,,224
Crywolf,SMOKE AND WATER [the chthonic mother],exuvium [OBLIVIØN Pt. II],2022,262
結束バンド,Re:Re:,ドッペルゲンガー / Re:Re:,2024,307
DAZBEE,アディオス,アディオス,2022,200
ill peach,HOLD ON,HOLD ON,2023,245
塞壬唱片-MSR/Forts,Radiant,Radiant,,252
刘凤屏,今年胜旧年,恭喜发财,1984,165
英雄联盟,MSI 2016 Opening Ceremony,2016 Mid-Season Invitational,2016,434
Roselia,R,Ｒ,2018,284
塞壬唱片-MSR/DJ Okawari/Stephanie,Your Star,Your Star,2022,249
Ruelle,Live Like Legends,Madness,2016,223
Ruelle,Game Of Survival,Madness,2016,178
のみこ,Bad Apple!!,Lovelight,2007,319
Led Zeppelin,Babe I'm Gonna Leave You,Remasters,1990,402
大宇,狂徒,狂徒,2017,153
Matilda Lucas,Sky Blush,Sky Blush,2017,228
塞壬唱片-MSR/Adam Gubman/Piper Gubman/Anna Carmela,Ambiguous Morality,揭幕者们OST,2024,235
塞壬唱片-MSR/Elvin Shen/ZT/Erik Castro/David Lin/左乙,Misty Memory (Night Version),火山旅梦OST,,242
Crywolf,Anachronism,Cataclasm,2015,335
LiSA,unlasting,unlasting,2019,295
Glass Animals,The Other Side Of Paradise,How To Be A Human Being,2016,320
塞壬唱片-MSR/chengcheng/Kat Kennedy,Sanctuary Inside,Sanctuary Inside,2025,219
結束バンド,フラッシュバッカー,結束バンド,2022,275
milet,SEVENTH HEAVEN,visions,2022,237
milet,Outsider,visions,2022,211
关大洲,濯海令,濯海令,,214
塞壬唱片-MSR/Adam Gubman,今夕何夕,画中人OST,,196
塞壬唱片-MSR/Adam Gubman,山水烬尽,画中人OST,,193
Jannik,A Long Story,A Long Story (长夜),2018,231
塞壬唱片-MSR/Obadiah Brown-Beach/Adrienne Cowan,All hail Savior!,All hail Savior!,2022,225
塞壬唱片-MSR/David Lin/X. ARI/Substantial,Arsonist,Arsonist,2024,240
采风乐坊,蓄势 ~GEAR UP~,太鼓の達人 オリジナルサウンドトラック「ドンダフル!」,2011,142
Mark Petrie,Go Time,Go Time,2014,136
結束バンド,星座になれたら,星座になれたら,2022,258
塞壬唱片-MSR/陈雪燃,Operation Blade,危机合约 黄铁·利刃·燃灰OST,2021,238
塞壬唱片-MSR/Alan Day/Jason Walsh,Operation Pyrite,危机合约 黄铁·利刃·燃灰OST,2021,262
Martin Garrix/David Guetta/Jamie Scott/Romy Dya,So Far Away,So Far Away,2017,183
SING女团,寄明月,寄明月,2017,231
塞壬唱片-MSR/Gareth Coker,旅程,绿野幻梦OST,,139
milet,Parachute,eyes,2020,254
普信主义/卦者灵风,假酒兑烟灰 (feat. 卦者灵风),假酒兌煙灰,2022,184
LJY,Spring （春）,Spring （春）,2017,210
十明,NEW ERA,NEW ERA,2024,186
KOKIA,EXEC_COSMOFLIPS,咲夜琉命～SAKIYA=RUMEI～Ar tonelico3 Hymmnos Concert side.苍,2010,216
塞壬唱片-MSR/Adam Gubman/Jenna Lea Rosen,梦源之地,音律联觉-灯下定影原声EP,,219
伍佰,挪威的森林,滚石香港黄金十年 伍佰精选,2002,392
塞壬唱片-MSR/Alec Justice/Echos,Touch of the Law,众生行记OST,2025,197
Mili,Sacramentum:Unaccompanied Hymn for Torino,Mag Mell,2014,209
塞壬唱片-MSR/Steven Grove,A Toda Vela,出苍白海OST,2024,164
r-906/初音ミク,まにまに,まにまに,2022,268
塞壬唱片-MSR/PMP/Sandro Friedrich,湮佚诗歌,照我以火OST,,138
Carpetman,Endless Fight,Endless Fight,2023,181
塞壬唱片-MSR/Edine,I Will Touch the Sky,I Will Touch the Sky,2024,317
milet,Without Your Love,eyes,2020,193
塞壬唱片-MSR/Crywolf,Somniomancer [null set],众生行记OST,2025,217
milet,Fire Arrow,eyes,2020,215
塞壬唱片-MSR/DJ Okawari/二宮愛,Speed of Light,Speed of Light,2019,245
Waterflame,Glorious Morning,Community Favorites,2016,112
Toby Fox,MEGALOVANIA,UNDERTALE Soundtrack,2015,156
塞壬唱片-MSR/陈雪燃/Matthew Carl Earl,Bluish Light,Bluish Light,2022,240
結束バンド,ギターと孤独と蒼い惑星,ギターと孤独と蒼い惑星,2022,228
nameless,ツギハギスタッカート,212,2015,248
塞壬唱片-MSR/THE EITHER/杭州爱乐乐团/宗立Zongli,浮生听风,音律联觉-灯下定影原声EP,,269
milet,Always You,Always You,2022,244
Doul,BE ME,BE ME,2022,211
塞壬唱片-MSR/Adam Gubman/Nini Guerry,Morning Dew,Morning Dew,,200
塞壬唱片-MSR/KH,巧筑八方,岁的界园志异OST,2026,155
MY FIRST STORY,REVIVER,ALL LEAD TRACKS,2017,292
坂本龍一,Merry Christmas Mr. Lawrence,Revolution ～私たちの望むものは～,2009,288
Xomu/Amidst,Pagoda,Pagoda,2018,310
Yooh,Eutopia,Eutopia,2014,292
铁痕电台-MSR/8:48,万象将醒,宜,2026,271
雪螢SiqYin/洛天依/乐正绫/血鉀,【洛天依乐正绫吴语】长夜雨,雪螢吴语,,219
塞壬唱片-MSR/Adam Gubman/Sarah Kang,Magic Theorem,Magic Theorem,2022,242
瀬名航/鎖那,ひとり旅 (feat. 鎖那),せなとうた,2018,295
トゲナシトゲアリ,空白とカタルシス,2024 “凛音の理” 上海演唱会特别版,2024,190
Ave Mujica,"Georgette Me, Georgette You","Georgette Me, Georgette You",2025,234
milet,Drown,Drown / You & I,2019,213
塞壬唱片-MSR/Adam Gubman/Moonlist,Undertopia,Undertopia,2022,235
塞壬唱片-MSR/MeLo_绿萝组,相见欢,相见欢OST,2025,169
milet,Tell me,Prover / Tell me,2020,223
塞壬唱片-MSR/Adam Gubman,Merciful Broken Sun,慈悲灯塔OST,2024,132
塞壬唱片-MSR/Life Awaits,Operation Pine Soot,危机合约松烟行动OST,,263
Fatal Force/Crusher P/GUMI,Wildfire,Wildfire,2021,367
Hiroyuki Sawano,Unicorn,MOBILE SUIT GUNDAM UNICORN Original Motion Picture Soundtrack 1,2010,286
Imagine Dragons,Warriors,Warriors (Official Anthem of League of Legends 2014 World Championship),2014,171
塞壬唱片-MSR/椎名豪,Tower Fierce,明日方舟OST3,,249
塞壬唱片-MSR/Adam Gubman,Broken Sun,慈悲灯塔OST,2024,104
削除,天火明命,∀rkadia,2018,253
塞壬唱片-MSR/Adam Gubman,起墨,画中人OST,,127
UnicornPhantom,独角,独角,,181
Strictlyviolin荀博/王朝,玫瑰少年,玫瑰少年,2022,120
塞壬唱片-MSR/ADÀI宋黛霆/Obadiah Brown-Beach/David Lin,A Sweet Rendez-vous,A Sweet Rendez-vous,2022,272
Feryquitous,Arcahv,Arcahv,2020,166
塞壬唱片-MSR/Return to Sender,枯枰竞,相见欢OST,2025,226
塞壬唱片-MSR/BaoUner,天下一白,相见欢OST,2025,135
Mili,To Your Oblivion,To Your Oblivion,2025,256
SawanoHiroyuki[nZk]/ASCA,Unti-L,R∃/MEMBER,2019,243
Hoskey/RayRay,"Sdorica ""the Story Unfolds""","Sdorica Sunset (Original Soundtrack, Vol. 1)",2018,121
Feint/Veela,Vagrant,Vagrant,2015,268
TRIX,Welcome Home,Power,2012,291
洛天依/雪螢SiqYin,一梦惊鸿（洛天依AI/吴语-中派苏州话-）,雪螢吴语,,272
塞壬唱片-MSR/Melissa R. Kaplan,Immutable,Immutable,,249
塞壬唱片-MSR/Elizabeth Hull/Martin Gonzalez,Battleplan Extinguished Sins,危机合约净罪作战OST,2025,236
十明,灰かぶり,僕だけの愛,2024,221
塞壬唱片-MSR/Denney/Steven Grove/David Lin,Stardust on Me,Stardust on Me,2025,228
鸣潮先约电台/Casey Lee Williams,RUNNING FOR YOUR LIFE,RUNNING FOR YOUR LIFE,2025,230
beabadoobee,Coffee,Coffee,2018,126
塞壬唱片-MSR/Adam Gubman/Bonzie/Christine Hals,Mortal Eye,Mortal Eye,,218
結束バンド,忘れてやらない,忘れてやらない,2022,223
すりぃ/25時、ナイトコードで。/鏡音リン,限りなく灰色へ (feat. 宵崎奏&朝比奈まふゆ&東雲絵名&暁山瑞希&鏡音リン),限りなく灰色へ/アイディスマイル,2022,274
Morfonica,"寄る辺のSunny, Sunny","寄る辺のSunny, Sunny",2022,215
金渔,伪善者,自游,2022,220
Yves Montand,Bella Ciao,Gold Music,2006,115
OneRepublic,Give Me Something (for Arknights Endfield),Give Me Something (for Arknights Endfield),2025,162
塞壬唱片-MSR/横山克,春弦,春弦,,197
塞壬唱片-MSR/Sterling Maffe,敬属春山,将进酒OST,,187
CRYCHIC,春日影,春日影,,257
P*Light/初音ミク,バイオレンストリガー,「#コンパス 戦闘摂理解析システム」オリジナルサウンドトラック Vol.2,,203
塞壬唱片-MSR/Gareth Coker,梦境苏醒,绿野幻梦OST,,194
英雄联盟/Nicki Taylor,Worlds Collide,Worlds Collide,2015,216
Ruelle,Empires,Emerge,2018,222
YOASOBI,もしも命が描けたら,もしも命が描けたら,2022,201
DECO*27/初音ミク,妄想感傷代償連盟,GHOST,2016,270
Edouard Brenneisen/英雄联盟,"Jhin, the Virtuoso","Jhin, the Virtuoso",2016,259
Donel/bees & honey,Shine,Shine,2025,165
Eminem/Joyner Lucas,Lucky You,Kamikaze,2018,244
トゲナシトゲアリ,荊の薔薇,全部をさらして生きてやる,2025,216
milet,We All Lie,We All Lie,2024,197
Lindsey Stirling,Underground,Underground,2019,264
Kings Elliot,Lost Again (From “The Callisto Protocol” Soundtrack),Lost Again (Theme From The Callisto Protocol),2022,272
雪螢SiqYin/洛天依,【洛天依吴语】请不要带我走。-吴语,请覅得带走我。（请不要带我走。-吴语翻唱-）,,128
WizTheMC/bees & honey,Take My Mind,Take My Mind,2025,171
Fleurie,Soldier,Soldier,2016,225
ilem,告死鸟,告死鸟,2026,241
Christopher Larkin,Strive,Hollow Knight: Silksong (Original Soundtrack),2025,106
郭静,爱情讯息,下一个天亮,2008,280
塞壬唱片-MSR/WS MUSIC,Little Wish,Little Wish,2025,240
塞壬唱片-MSR/Alaina Cross,BATTLEPLAN ARCLIGHT,危机合约弧光作战OST,2025,224
英雄联盟/MitiS,The Boy Who Shattered Time,Warsongs,2016,294
ピノキオピー/鏡音リン/初音ミク,ねぇねぇねぇ。,ラヴ,2021,210
塞壬唱片-MSR/Robert Wolf/David Lin/Colm R. McGuinness,Vows of the Sea,Vows of the Sea,2024,217
Laura Shigihara,Choose Your Seeds,Plants Vs. Zombies (Original Video Game Soundtrack),2010,18
佐藤奈央/Colin & Caroline,Through the Darkness,Resident Evil Requiem Original Soundtrack,2026,270
Madnap/Pauline Herr,Slow Down,Slow Down,2019,203
Guiano/理芽,舞 feat. 理芽,舞 feat. 理芽,2022,192
塞壬唱片-MSR/BaoUner,日暖月寒,辞岁行OST,2026,127
塞壬唱片-MSR/Erik Couttolenc/VISION SOUND/Vapestor,千秋岁,辞岁行OST,2026,184
D.D.D./塞壬唱片-MSR,Ready ?,火蓝之心原声带,2019,140
塞壬唱片-MSR/Steven Grove,Ad astra,孤星OST,,163
塞壬唱片-MSR/Robert Wolf,走过漫漫时空,遗尘漫步OST,,130
結束バンド,なにが悪い,なにが悪い,2022,227
Tielle,GHOST,CONTRAST,2021,233
徐梦圆,China-E,China-E,2018,204
結束バンド,あのバンド,あのバンド,2022,213
田中ユウスケ/agehasprings,おしんこ,TVアニメ「ガールズバンドクライ」 (オリジナルサウンドトラック),2024,91
塞壬唱片-MSR,Stay Gold,Stay Gold,,244
奇然/沈谧仁,逍遥游,高考必背曲目,2017,313
Imagine Dragons/JID/英雄联盟/双城之战,Enemy (from the series Arcane League of Legends),Enemy (from the series Arcane League of Legends),2021,173
Janji,Horizon,Horizon,2014,197
Xomu,Lanterns,Lanterns,2018,231
Edouard Brenneisen/英雄联盟,"Pantheon,the Unbreakable Spear","Pantheon,the Unbreakable Spear",,218
塞壬唱片-MSR,Rewinding Breeze,Rewinding Breeze,,174
安田レイ,Not Enough,アシンメトリー,2019,296
Emperor/塞壬唱片-MSR,Not Your Business Part.2,火蓝之心原声带,2019,115
鹿栀一,画中人 （牵丝戏填翻）明日方舟,画中人（明日方舟）牵丝戏填翻,,239
Reigan,I Believe In Us (Arknights Soundtrack),I Believe In Us (Arknights Soundtrack),2021,209
澤野弘之/R!N/Gemie,Call of Silence,TVアニメ「進撃の巨人」Season 2 オリジナルサウンドトラック,2017,178
